date,hhs,flu,cough,fever,influenza,cold,isPartial,st_fips,cty_fips,pops,hhs_pops,hhs_pops_wt,nat_pops_wt,nat_pops
2014-11-16,55,10.658194573710741,8.399327750099884,10.843478437872232,1.1510709229370955,46.76174816576462,0.0,1477,93501788,311368436,311368436.0,10.0,1.0000000000000002,41022287.678609915
2014-11-23,55,9.423363991846625,9.19993286024663,11.182512645565653,1.0797190920148372,36.07965437768394,0.0,1477,93501788,311368436,311368436.0,10.0,1.0000000000000002,41022287.678609915
2014-11-30,55,13.277386774040256,9.378358498740058,11.731582763899677,1.6649237882288104,36.01234161384297,0.0,1477,93501788,311368436,311368436.0,10.0,1.0000000000000002,41022287.678609915
2014-12-07,55,14.86340574675334,10.227217783886097,12.55712599269375,2.1249393853139305,36.71986533663932,0.0,1477,93501788,311368436,311368436.0,10.0,1.0000000000000002,41022287.678609915
2014-12-14,55,19.73640823053754,11.128649771038447,13.667533140706658,2.6236072978187166,37.33925978290234,0.0,1477,93501788,311368436,311368436.0,10.0,1.0000000000000002,41022287.678609915
2014-12-21,55,23.750427278377053,13.08802970638938,15.247785482019763,2.8230791350989732,38.61773238633604,0.0,1477,93501788,311368436,311368436.0,10.0,1.0000000000000002,41022287.678609915
2014-12-28,55,27.01332973583745,13.262996805495082,14.312116521020775,2.9807677133978983,47.125104938382385,0.0,1477,93501788,311368436,311368436.0,10.0,1.0000000000000002,41022287.678609915
2015-01-04,55,24.052702095340198,11.732520174267117,13.871539727938254,2.8300459716475563,55.89198795667266,0.0,1477,93501788,311368436,311368436.0,10.0,1.0000000000000002,41022287.678609915
2015-01-11,55,19.75379333889836,10.421356701036968,13.435825078300487,2.5069916592316375,40.20430785733207,0.0,1477,93501788,311368436,311368436.0,10.0,1.0000000000000002,41022287.678609915
2015-01-18,55,18.226253964290716,10.827179502549193,14.23104437599449,2.2714866063045647,36.230308585292825,0.0,1477,93501788,311368436,311368436.0,10.0,1.0000000000000002,41022287.678609915
2015-01-25,55,15.921052177555982,10.664249368551923,14.02859578547647,2.0460584900134196,37.39491610832384,0.0,1477,93501788,311368436,311368436.0,10.0,1.0000000000000002,41022287.678609915
2015-02-01,55,13.49389283311941,10.578988725755105,14.147420947960185,1.7075098806739677,36.94745862422612,0.0,1477,93501788,311368436,311368436.0,10.0,1.0000000000000002,41022287.678609915
2015-02-08,55,11.95389914538415,10.14934162433857,13.356652579903763,1.473315625351312,37.13557948757529,0.0,1477,93501788,311368436,311368436.0,10.0,1.0000000000000002,41022287.678609915
2015-02-15,55,11.335231725286373,9.663751495350672,12.935720793484666,1.4632985181580835,48.284121775914365,0.0,1477,93501788,311368436,311368436.0,10.0,1.0000000000000002,41022287.678609915
2015-02-22,55,10.084574343303057,9.174358418269474,14.23282523730183,1.4159163519066524,40.10778576798324,0.0,1477,93501788,311368436,311368436.0,10.0,1.0000000000000002,41022287.678609915
2015-03-01,55,9.956078129897534,8.709015977457652,13.60598704038196,1.2299059979220246,35.90285526565062,0.0,1477,93501788,311368436,311368436.0,10.0,1.0000000000000002,41022287.678609915
2015-03-08,55,9.2206191991792,9.22326009306865,15.77571597205826,1.4614867320719689,33.3570704931697,0.0,1477,93501788,311368436,311368436.0,10.0,1.0000000000000002,41022287.678609915
2015-03-15,55,7.9042835542906476,8.852774678805272,15.425104065461534,1.2601110923138015,32.42007941999618,0.0,1477,93501788,311368436,311368436.0,10.0,1.0000000000000002,41022287.678609915
2015-03-22,55,7.135085635333956,8.666141015012839,14.164028700712617,1.176041202840483,33.13894034204546,0.0,1477,93501788,311368436,311368436.0,10.0,1.0000000000000002,41022287.678609915
2015-03-29,55,6.541694618011955,8.579205385481012,13.91693311199983,1.1582039773614048,32.90928074996015,0.0,1477,93501788,311368436,311368436.0,10.0,1.0000000000000002,41022287.678609915
2015-04-05,55,7.515052357458609,7.978309265747154,13.382520966254912,1.2190301909728574,33.096808801133584,0.0,1477,93501788,311368436,311368436.0,10.0,1.0000000000000002,41022287.678609915
2015-04-12,55,7.8240837327518955,7.9156561681801305,13.067737986775256,1.2144992082627155,32.75989219729388,0.0,1477,93501788,311368436,311368436.0,10.0,1.0000000000000002,41022287.678609915
2015-04-19,55,7.3731008238741325,7.727198896294035,12.165614548675705,1.1053382270256835,33.555259621755624,0.0,1477,93501788,311368436,311368436.0,10.0,1.0000000000000002,41022287.678609915
2015-04-26,55,5.87826710861598,7.4597845075086555,12.192335079847334,1.0226993721354596,32.798468615489334,0.0,1477,93501788,311368436,311368436.0,10.0,1.0000000000000002,41022287.678609915
2015-05-03,55,5.032930916607103,7.390849475828051,12.641887712086525,1.030335987556555,33.214051600272036,0.0,1477,93501788,311368436,311368436.0,10.0,1.0000000000000002,41022287.678609915
2015-05-10,55,4.996129299374456,7.357910973352482,11.753898921212425,0.9263483983970682,33.07578373165609,0.0,1477,93501788,311368436,311368436.0,10.0,1.0000000000000002,41022287.678609915
2015-05-17,55,5.551820586592792,7.040691568364366,11.720944704234567,0.7287613732305225,32.667666998205306,0.0,1477,93501788,311368436,311368436.0,10.0,1.0000000000000002,41022287.678609915
2015-05-24,55,5.00418427126634,7.06143133917402,13.033785871603245,0.6479456607477065,31.23554708673168,0.0,1477,93501788,311368436,311368436.0,10.0,1.0000000000000002,41022287.678609915
2015-05-31,55,4.438061033906468,6.644330397060542,11.668724234462866,0.46838290635213903,29.602978369971964,0.0,1477,93501788,311368436,311368436.0,10.0,1.0000000000000002,41022287.678609915
2015-06-07,55,4.319362265094847,6.51683188915141,11.934964191424978,0.41621565006672673,29.309895277888735,0.0,1477,93501788,311368436,311368436.0,10.0,1.0000000000000002,41022287.678609915
2015-06-14,55,3.6423863175392643,6.4280623582539365,10.854483342685384,0.48656292508724297,27.7146995689698,0.0,1477,93501788,311368436,311368436.0,10.0,1.0000000000000002,41022287.678609915
2015-06-21,55,3.435804462851848,6.078183168829611,11.244762272563813,0.19889829809210335,27.698004809967316,0.0,1477,93501788,311368436,311368436.0,10.0,1.0000000000000002,41022287.678609915
2015-06-28,55,3.1616971959225815,5.648897488119188,10.845149683059077,0.1832007114555439,27.83127559532078,0.0,1477,93501788,311368436,311368436.0,10.0,1.0000000000000002,41022287.678609915
2015-07-05,55,3.2562418690377464,5.911032822222223,11.01643329062423,0.26522014582107484,27.366903583637487,0.0,1477,93501788,311368436,311368436.0,10.0,1.0000000000000002,41022287.678609915
2015-07-12,55,2.928002342536737,5.6232435133534215,10.495963129673168,0.29502151913689795,27.663965380228838,0.0,1477,93501788,311368436,311368436.0,10.0,1.0000000000000002,41022287.678609915
2015-07-19,55,2.966079994697986,5.252858546008818,10.501500816865072,0.31386578953044547,28.889589447660008,0.0,1477,93501788,311368436,311368436.0,10.0,1.0000000000000002,41022287.678609915
2015-07-26,55,3.1145065134347782,5.300585837159165,11.026829119570746,0.21503991175264792,28.117961805865257,0.0,1477,93501788,311368436,311368436.0,10.0,1.0000000000000002,41022287.678609915
2015-08-02,55,3.1042491153470677,5.453830104988548,11.411805887093836,0.23537882625970477,28.753104858708287,0.0,1477,93501788,311368436,311368436.0,10.0,1.0000000000000002,41022287.678609915
2015-08-09,55,3.348029509323803,5.442165499395707,10.890383638629318,0.13445373441770445,28.300984031021052,0.0,1477,93501788,311368436,311368436.0,10.0,1.0000000000000002,41022287.678609915
2015-08-16,55,3.709924913519494,5.630192685940716,11.265980354540497,0.48644157367319024,27.9457112441545,0.0,1477,93501788,311368436,311368436.0,10.0,1.0000000000000002,41022287.678609915
2015-08-23,55,4.3379966137608115,5.673420590390221,10.672995656502573,0.7750581211770611,28.196650982953198,0.0,1477,93501788,311368436,311368436.0,10.0,1.0000000000000002,41022287.678609915
2015-08-30,55,5.220484095568376,5.934131936224903,10.899056948726813,0.8145061659364855,28.901928347676193,0.0,1477,93501788,311368436,311368436.0,10.0,1.0000000000000002,41022287.678609915
2015-09-06,55,6.1680788190104145,6.60844174969617,11.290325057225774,0.6883356699649543,30.96624964580546,0.0,1477,93501788,311368436,311368436.0,10.0,1.0000000000000002,41022287.678609915
2015-09-13,55,8.527732133388112,6.772581171329775,11.372270453900471,0.9786822483188372,30.060914915601785,0.0,1477,93501788,311368436,311368436.0,10.0,1.0000000000000002,41022287.678609915
2015-09-20,55,10.195079099154418,7.195589870259039,11.644355951995081,0.966911453413987,31.111432858917016,0.0,1477,93501788,311368436,311368436.0,10.0,1.0000000000000002,41022287.678609915
2015-09-27,55,12.679136253232809,7.577486023663619,11.455401433175455,1.0961436020444926,31.76372518696789,0.0,1477,93501788,311368436,311368436.0,10.0,1.0000000000000002,41022287.678609915
2015-10-04,55,15.918327578971427,7.941190924053715,11.89903239582062,1.003640314395901,32.11250693374713,0.0,1477,93501788,311368436,311368436.0,10.0,1.0000000000000002,41022287.678609915
2015-10-11,55,14.546296439630119,8.341023327104358,11.802659611907483,1.0928657778272683,33.005126007698486,0.0,1477,93501788,311368436,311368436.0,10.0,1.0000000000000002,41022287.678609915
2015-10-18,55,15.056437669873512,8.469072057772742,11.7803805553367,1.0722328804066703,35.311289266327556,0.0,1477,93501788,311368436,311368436.0,10.0,1.0000000000000002,41022287.678609915
2015-10-25,55,13.295406140653254,8.52016250613148,11.66050503269381,1.0774661982757943,32.7233024384013,0.0,1477,93501788,311368436,311368436.0,10.0,1.0000000000000002,41022287.678609915
2015-11-01,55,12.163197270901279,8.828710081583223,12.615387309200475,0.9953079026931297,34.42808513512911,0.0,1477,93501788,311368436,311368436.0,10.0,1.0000000000000002,41022287.678609915
2015-11-08,55,11.036096025481529,9.72297229896482,12.17320300571507,1.0393660550743813,36.71292352189481,0.0,1477,93501788,311368436,311368436.0,10.0,1.0000000000000002,41022287.678609915
2015-11-15,55,10.117834830888254,10.099288785970586,12.227304452915066,0.9948326554204744,38.291208974695174,0.0,1477,93501788,311368436,311368436.0,10.0,1.0000000000000002,41022287.678609915
2015-11-22,55,8.392449156278643,9.997027646694413,11.652481888048536,0.716284646141846,41.32755686257164,0.0,1477,93501788,311368436,311368436.0,10.0,1.0000000000000002,41022287.678609915
2015-11-29,55,9.047195679783034,9.757849106452138,12.476537429118215,1.108707553774012,40.21192158025934,0.0,1477,93501788,311368436,311368436.0,10.0,1.0000000000000002,41022287.678609915
2015-12-06,55,8.744781770365444,9.843473604370098,12.712518317046113,0.9271908762132843,36.877244644669126,0.0,1477,93501788,311368436,311368436.0,10.0,1.0000000000000002,41022287.678609915
2015-12-13,55,8.787879012887485,10.578319091405913,14.37652288878761,0.8711350883363141,39.62087623422433,0.0,1477,93501788,311368436,311368436.0,10.0,1.0000000000000002,41022287.678609915
2015-12-20,55,9.086594470995127,11.492924709940732,13.137134664478323,0.7775039952989968,40.25983092582962,0.0,1477,93501788,311368436,311368436.0,10.0,1.0000000000000002,41022287.678609915
2015-12-27,55,9.560669049318795,12.530188442093724,13.067561138406463,0.8142589347110316,45.930871650715424,0.0,1477,93501788,311368436,311368436.0,10.0,1.0000000000000002,41022287.678609915
2016-01-03,55,9.216670674351846,11.389252628034523,12.985860538542193,0.902824135327577,46.98683936608141,0.0,1477,93501788,311368436,311368436.0,10.0,1.0000000000000002,41022287.678609915
2016-01-10,55,8.322276304846776,10.456155032361725,12.524936464658222,0.9301184561944487,42.13341592851756,0.0,1477,93501788,311368436,311368436.0,10.0,1.0000000000000002,41022287.678609915
2016-01-17,55,8.395736400204676,10.82864280116049,13.114440800287156,0.8719711814334321,46.091447451661416,0.0,1477,93501788,311368436,311368436.0,10.0,1.0000000000000002,41022287.678609915
2016-01-24,55,8.525552898367641,10.909764835636711,13.914193768825044,1.0362401537707566,39.202696836618344,0.0,1477,93501788,311368436,311368436.0,10.0,1.0000000000000002,41022287.678609915
2016-01-31,55,8.674395361641603,10.868250682288169,13.963192489427541,1.303687808612688,37.95694311481207,0.0,1477,93501788,311368436,311368436.0,10.0,1.0000000000000002,41022287.678609915
2016-02-07,55,9.639251157108296,11.193365238858057,15.300360547785262,1.440558104611477,44.563114595854536,0.0,1477,93501788,311368436,311368436.0,10.0,1.0000000000000002,41022287.678609915
2016-02-14,55,12.143613047534465,11.53893066733328,15.891103435416941,1.7804099706496903,40.578482447719914,0.0,1477,93501788,311368436,311368436.0,10.0,1.0000000000000002,41022287.678609915
2016-02-21,55,12.501018915096454,11.188707467445415,15.74932939252712,2.079899479599146,37.14837621498667,0.0,1477,93501788,311368436,311368436.0,10.0,1.0000000000000002,41022287.678609915
2016-02-28,55,12.659163522278153,10.779072320612485,15.825814932634982,2.156331401555423,35.543254471047284,0.0,1477,93501788,311368436,311368436.0,10.0,1.0000000000000002,41022287.678609915
2016-03-06,55,13.30909561430305,11.000563396862745,16.191579515143918,2.2298830219258314,34.88640627337063,0.0,1477,93501788,311368436,311368436.0,10.0,1.0000000000000002,41022287.678609915
2016-03-13,55,11.193686000336912,9.907678355682782,15.056670847009038,1.8897267929880985,34.5352245787688,0.0,1477,93501788,311368436,311368436.0,10.0,1.0000000000000002,41022287.678609915
2016-03-20,55,10.228112611260313,9.749350952194781,14.325697913708888,1.607077574812368,35.63159173911898,0.0,1477,93501788,311368436,311368436.0,10.0,1.0000000000000002,41022287.678609915
2016-03-27,55,9.38619954721422,9.118290108249766,13.984977684122098,1.4928570890852917,34.006882637262564,0.0,1477,93501788,311368436,311368436.0,10.0,1.0000000000000002,41022287.678609915
2016-04-03,55,8.126678826237866,8.952499411340462,13.243956869796527,1.31285515722602,37.50043766478629,0.0,1477,93501788,311368436,311368436.0,10.0,1.0000000000000002,41022287.678609915
2016-04-10,55,7.623821385029535,8.322848080850429,13.040998298234701,1.1427284395647606,35.15310921881626,0.0,1477,93501788,311368436,311368436.0,10.0,1.0000000000000002,41022287.678609915
2016-04-17,55,8.083703966062892,8.187729600183365,12.845623934726637,1.157794581336433,35.17205062172712,0.0,1477,93501788,311368436,311368436.0,10.0,1.0000000000000002,41022287.678609915
2016-04-24,55,6.4720956429893235,7.99094500702698,11.894369142156723,1.0317870209554574,34.5859224889449,0.0,1477,93501788,311368436,311368436.0,10.0,1.0000000000000002,41022287.678609915
2016-05-01,55,5.713074609784788,7.462221912564059,11.884185797817988,0.9513029348935034,34.626643154670944,0.0,1477,93501788,311368436,311368436.0,10.0,1.0000000000000002,41022287.678609915
2016-05-08,55,5.4999318010512805,7.404361465206448,12.181509017824789,0.8623326450469115,34.20423789519886,0.0,1477,93501788,311368436,311368436.0,10.0,1.0000000000000002,41022287.678609915
2016-05-15,55,5.559544863436319,7.59635093519884,11.987601222366676,0.694451986777491,34.14708522671194,0.0,1477,93501788,311368436,311368436.0,10.0,1.0000000000000002,41022287.678609915
2016-05-22,55,7.792106239696048,7.534525410276332,12.19699217681782,0.6638261946371469,33.86508128267696,0.0,1477,93501788,311368436,311368436.0,10.0,1.0000000000000002,41022287.678609915
2016-05-29,55,6.138032141446733,7.225722815398026,11.745946005265608,0.39620959203456324,33.79998951467258,0.0,1477,93501788,311368436,311368436.0,10.0,1.0000000000000002,41022287.678609915
2016-06-05,55,4.2104703541626805,6.991900900321187,11.80153697724197,0.2603243380777363,31.39783932048912,0.0,1477,93501788,311368436,311368436.0,10.0,1.0000000000000002,41022287.678609915
2016-06-12,55,3.778329419363496,6.3116922423055115,11.268837847134897,0.20727361395103,30.12605066044652,0.0,1477,93501788,311368436,311368436.0,10.0,1.0000000000000002,41022287.678609915
2016-06-19,55,3.4552615667183426,6.343971037578131,11.163022596805542,0.3611737414514296,31.215418537157053,0.0,1477,93501788,311368436,311368436.0,10.0,1.0000000000000002,41022287.678609915
2016-06-26,55,3.446056738390785,6.254028516878954,10.991738860775213,0.2960614639821745,29.782591106954722,0.0,1477,93501788,311368436,311368436.0,10.0,1.0000000000000002,41022287.678609915
2016-07-03,55,3.2853898363673575,5.7555946711310195,10.959812500069852,0.20637509641471813,30.012672591514704,0.0,1477,93501788,311368436,311368436.0,10.0,1.0000000000000002,41022287.678609915
2016-07-10,55,3.070374817953609,5.352353981056705,10.970864214380418,0.19765717678589617,30.09032680499445,0.0,1477,93501788,311368436,311368436.0,10.0,1.0000000000000002,41022287.678609915
2016-07-17,55,3.114085321095296,5.824256810667861,11.28945010983708,0.23156561379908144,32.55146184759717,0.0,1477,93501788,311368436,311368436.0,10.0,1.0000000000000002,41022287.678609915
2016-07-24,55,3.0008074357286487,5.617919553669853,10.47841731459254,0.09711881650071942,32.20281311365805,0.0,1477,93501788,311368436,311368436.0,10.0,1.0000000000000002,41022287.678609915
2016-07-31,55,3.0455674640058894,5.669799047967726,10.537276096925893,0.12169424584834924,31.445555027292492,0.0,1477,93501788,311368436,311368436.0,10.0,1.0000000000000002,41022287.678609915
2016-08-07,55,3.3669753218017253,5.44909497184872,9.719499715122055,0.16840505952889842,29.970293771202936,0.0,1477,93501788,311368436,311368436.0,10.0,1.0000000000000002,41022287.678609915
2016-08-14,55,3.6985896733604684,5.555581057676636,10.188552454944405,0.21783896553984683,29.934186614214163,0.0,1477,93501788,311368436,311368436.0,10.0,1.0000000000000002,41022287.678609915
2016-08-21,55,4.150226685148009,6.228773802236011,10.560030654488047,0.3423226977316352,31.72940883770248,0.0,1477,93501788,311368436,311368436.0,10.0,1.0000000000000002,41022287.678609915
2016-08-28,55,5.482884890104917,6.734807837105237,10.77596102579903,0.5140062270152521,32.76297980312943,0.0,1477,93501788,311368436,311368436.0,10.0,1.0000000000000002,41022287.678609915
2016-09-04,55,6.80089275009237,8.424100534069549,11.0670187231181,0.6865520787726859,34.30853462295067,0.0,1477,93501788,311368436,311368436.0,10.0,1.0000000000000002,41022287.678609915
2016-09-11,55,8.651199918028942,7.896071842041176,11.134276439632433,0.802741826406579,33.536068055401735,0.0,1477,93501788,311368436,311368436.0,10.0,1.0000000000000002,41022287.678609915
2016-09-18,55,10.175492052765424,7.738308246504472,11.548562680900641,0.8632245915896242,34.54667029255335,0.0,1477,93501788,311368436,311368436.0,10.0,1.0000000000000002,41022287.678609915
2016-09-25,55,12.364686849633017,8.086763023725373,11.39667458778641,0.9185394276766061,35.53521988657835,0.0,1477,93501788,311368436,311368436.0,10.0,1.0000000000000002,41022287.678609915
2016-10-02,55,13.940491203161004,8.092806818736117,10.870830323983128,0.886032086437946,33.713565144413025,0.0,1477,93501788,311368436,311368436.0,10.0,1.0000000000000002,41022287.678609915
2016-10-09,55,13.844128751059404,7.9964321206919005,11.029359250788028,0.9080531753064399,36.446529814602016,0.0,1477,93501788,311368436,311368436.0,10.0,1.0000000000000002,41022287.678609915
2016-10-16,55,12.773167948854006,8.084465770962089,11.321201587690796,0.906090394467601,34.394404685258465,0.0,1477,93501788,311368436,311368436.0,10.0,1.0000000000000002,41022287.678609915
2016-10-23,55,12.546001419360309,8.451202902274913,11.493698683703444,0.9189192510187512,35.74764804034279,0.0,1477,93501788,311368436,311368436.0,10.0,1.0000000000000002,41022287.678609915
2016-10-30,55,11.027300024720553,8.530692102651024,11.282358517547358,0.837883143685123,33.06924488325464,0.0,1477,93501788,311368436,311368436.0,10.0,1.0000000000000002,41022287.678609915
2016-11-06,55,9.334037301070556,8.66589603513954,10.312516320697323,0.7842293815549114,33.29199483790965,0.0,1477,93501788,311368436,311368436.0,10.0,1.0000000000000002,41022287.678609915
2016-11-13,55,9.944117145515673,9.984840377333558,11.431900467265088,0.875565759016113,40.02752599495987,0.0,1477,93501788,311368436,311368436.0,10.0,1.0000000000000002,41022287.678609915
2016-11-20,55,8.469372174898291,9.81041024659288,10.518775229997942,0.67965897802178,42.23790725210181,0.0,1477,93501788,311368436,311368436.0,10.0,1.0000000000000002,41022287.678609915
2016-11-27,55,9.722297712283206,10.312934054112022,11.31865328507479,0.9180162436246428,43.367418992334855,0.0,1477,93501788,311368436,311368436.0,10.0,1.0000000000000002,41022287.678609915
2016-12-04,55,9.285573348867,9.921956646241433,11.355163446946177,0.9754839119274121,51.41801655515268,0.0,1477,93501788,311368436,311368436.0,10.0,1.0000000000000002,41022287.678609915
2016-12-11,55,9.779922011748166,10.557532639564018,12.130763498455574,1.0506568527068043,54.99265786850661,0.0,1477,93501788,311368436,311368436.0,10.0,1.0000000000000002,41022287.678609915
2016-12-18,55,11.23483822554191,12.295980739679088,12.944194918331414,0.9323089961501427,56.06154402561215,0.0,1477,93501788,311368436,311368436.0,10.0,1.0000000000000002,41022287.678609915
2016-12-25,55,13.926631069952123,13.866421608001396,13.8326419187846,1.271664909541441,45.95930069160896,0.0,1477,93501788,311368436,311368436.0,10.0,1.0000000000000002,41022287.678609915
2017-01-01,55,15.017461301054933,13.52499662811037,13.848451568803204,1.4122917198967464,52.25180958933166,0.0,1477,93501788,311368436,311368436.0,10.0,1.0000000000000002,41022287.678609915
2017-01-08,55,14.571016344122947,12.322592759530703,13.70038543983951,1.6050807796073459,48.46254588246061,0.0,1477,93501788,311368436,311368436.0,10.0,1.0000000000000002,41022287.678609915
2017-01-15,55,14.736620946382633,11.906554988765784,13.940054347705301,1.6727769927199685,40.78446386261194,0.0,1477,93501788,311368436,311368436.0,10.0,1.0000000000000002,41022287.678609915
2017-01-22,55,14.764081347025169,11.315551647630716,14.056674315568712,2.1212078863382287,41.13116836287156,0.0,1477,93501788,311368436,311368436.0,10.0,1.0000000000000002,41022287.678609915
2017-01-29,55,16.56079435746018,12.053051404992125,17.23881360922531,2.3973195247060946,42.683358986971946,0.0,1477,93501788,311368436,311368436.0,10.0,1.0000000000000002,41022287.678609915
2017-02-05,55,19.477667636805677,12.668357125961219,16.29631587962243,2.9612085471630785,40.741597854189685,0.0,1477,93501788,311368436,311368436.0,10.0,1.0000000000000002,41022287.678609915
2017-02-12,55,19.207022040602727,12.43125052341529,15.92163249970527,2.760954604274661,40.55042380724808,0.0,1477,93501788,311368436,311368436.0,10.0,1.0000000000000002,41022287.678609915
2017-02-19,55,17.149610200052518,11.780569701034178,15.98596072531899,2.555526264068719,39.060365543924306,0.0,1477,93501788,311368436,311368436.0,10.0,1.0000000000000002,41022287.678609915
2017-02-26,55,12.718108719921759,10.490885026637704,13.498268138521274,1.998105697521633,38.092803494699766,0.0,1477,93501788,311368436,311368436.0,10.0,1.0000000000000002,41022287.678609915
2017-03-05,55,12.279514529854271,10.57419008264537,14.152427887713062,1.9014115644014729,39.735695656704266,0.0,1477,93501788,311368436,311368436.0,10.0,1.0000000000000002,41022287.678609915
2017-03-12,55,10.815878334565678,10.46068566500427,14.05612055680557,1.6807684642768348,40.97448233962931,0.0,1477,93501788,311368436,311368436.0,10.0,1.0000000000000002,41022287.678609915
2017-03-19,55,10.920678167262913,10.226642921506663,15.91714575718908,1.705053597661389,38.09265785694476,0.0,1477,93501788,311368436,311368436.0,10.0,1.0000000000000002,41022287.678609915
2017-03-26,55,10.002752295675853,10.142524443293283,14.45210181484163,1.5046514445028718,37.257504691323305,0.0,1477,93501788,311368436,311368436.0,10.0,1.0000000000000002,41022287.678609915
2017-04-02,55,8.925931259133794,9.622186996500826,13.531706225996523,1.2879210177874292,37.972380138749834,0.0,1477,93501788,311368436,311368436.0,10.0,1.0000000000000002,41022287.678609915
2017-04-09,55,7.724848102458272,9.227818898123635,13.38967890759486,1.1072051824803464,37.29700262553267,0.0,1477,93501788,311368436,311368436.0,10.0,1.0000000000000002,41022287.678609915
2017-04-16,55,6.88911291252399,8.658612589748818,13.898211352418523,1.0687533048468665,35.8312822016423,0.0,1477,93501788,311368436,311368436.0,10.0,1.0000000000000002,41022287.678609915
2017-04-23,55,6.0311328216968025,8.546414508759007,12.830559816281443,0.9658633092790432,37.19617192668816,0.0,1477,93501788,311368436,311368436.0,10.0,1.0000000000000002,41022287.678609915
2017-04-30,55,5.5305950568477025,8.39085732826175,12.699139176714752,0.8968196795644373,37.136085894075656,0.0,1477,93501788,311368436,311368436.0,10.0,1.0000000000000002,41022287.678609915
2017-05-07,55,5.145570307582494,8.521814019067753,12.869769448949539,0.8730850836788094,37.61724009494655,0.0,1477,93501788,311368436,311368436.0,10.0,1.0000000000000002,41022287.678609915
2017-05-14,55,4.945017095438665,8.380759339395595,12.436041532482115,0.603744497724233,37.79525747754342,0.0,1477,93501788,311368436,311368436.0,10.0,1.0000000000000002,41022287.678609915
2017-05-21,55,4.646477695639003,8.306720428142562,12.213126805184581,0.6840585119552709,36.87838434272123,0.0,1477,93501788,311368436,311368436.0,10.0,1.0000000000000002,41022287.678609915
2017-05-28,55,4.592571830241649,8.001552000601627,12.215872838183252,0.5651450906860708,35.52629987838587,0.0,1477,93501788,311368436,311368436.0,10.0,1.0000000000000002,41022287.678609915
2017-06-04,55,4.425177602138195,7.765409795744357,12.190681347675202,0.5762989701371015,34.35182006695116,0.0,1477,93501788,311368436,311368436.0,10.0,1.0000000000000002,41022287.678609915
2017-06-11,55,4.292137871033273,7.168642472803506,12.454947947903108,0.6922563788707214,34.71760071402998,0.0,1477,93501788,311368436,311368436.0,10.0,1.0000000000000002,41022287.678609915
2017-06-18,55,3.664329110096439,6.968346293777832,11.742942222955444,0.536955512086652,33.2382540823759,0.0,1477,93501788,311368436,311368436.0,10.0,1.0000000000000002,41022287.678609915
2017-06-25,55,3.68025589787142,6.913618331563961,11.882134700384338,0.4260065718414695,32.23106677068577,0.0,1477,93501788,311368436,311368436.0,10.0,1.0000000000000002,41022287.678609915
2017-07-02,55,3.3992539821859147,6.533098582927654,11.441118540351983,0.22957468302920722,32.72925853023843,0.0,1477,93501788,311368436,311368436.0,10.0,1.0000000000000002,41022287.678609915
2017-07-09,55,3.5661875534487386,6.045973963141209,11.119613839085476,0.40873887422551725,32.29786767146815,0.0,1477,93501788,311368436,311368436.0,10.0,1.0000000000000002,41022287.678609915
2017-07-16,55,3.460504895236073,6.317188242548773,11.241748595223697,0.36846918870093814,33.82347581949508,0.0,1477,93501788,311368436,311368436.0,10.0,1.0000000000000002,41022287.678609915
2017-07-23,55,3.3975865363565623,6.288805715682754,10.998868918749363,0.3255455764951075,32.39052878821667,0.0,1477,93501788,311368436,311368436.0,10.0,1.0000000000000002,41022287.678609915
2017-07-30,55,3.5779157332440716,6.347850367851671,11.009296696984403,0.39846879020197157,32.27128695536756,0.0,1477,93501788,311368436,311368436.0,10.0,1.0000000000000002,41022287.678609915
2017-08-06,55,3.9263559906887924,6.293497475768546,10.841230290921333,0.36024892067094433,30.89390342378827,0.0,1477,93501788,311368436,311368436.0,10.0,1.0000000000000002,41022287.678609915
2017-08-13,55,4.148414327391875,6.240917306724051,10.730110646154255,0.4207896686098266,30.20108940329456,0.0,1477,93501788,311368436,311368436.0,10.0,1.0000000000000002,41022287.678609915
2017-08-20,55,4.685512265604212,6.539849610832101,10.682226598588175,0.37051058059076997,31.029331833108476,0.0,1477,93501788,311368436,311368436.0,10.0,1.0000000000000002,41022287.678609915
2017-08-27,55,5.55570107626452,6.8632446578496475,13.777665774702994,0.6624657259735859,32.12612034316798,0.0,1477,93501788,311368436,311368436.0,10.0,1.0000000000000002,41022287.678609915
2017-09-03,55,6.65953796292955,7.662569435907755,13.58428463827978,0.6386137675175272,33.46988755147937,0.0,1477,93501788,311368436,311368436.0,10.0,1.0000000000000002,41022287.678609915
2017-09-10,55,8.548031181940356,7.683487519589173,12.147816919374574,0.8150123379879134,33.0325083978647,0.0,1477,93501788,311368436,311368436.0,10.0,1.0000000000000002,41022287.678609915
2017-09-17,55,10.953305478915016,8.315291357920428,11.665997911233365,0.948526886007161,34.503919199439984,0.0,1477,93501788,311368436,311368436.0,10.0,1.0000000000000002,41022287.678609915
2017-09-24,55,13.498429667418181,8.494884915052854,11.773541098430412,1.1431798758175988,35.80122919074559,0.0,1477,93501788,311368436,311368436.0,10.0,1.0000000000000002,41022287.678609915
2017-10-01,55,14.799901724784974,8.288459396057728,11.384082694881762,0.9958163614246373,34.33441497583268,0.0,1477,93501788,311368436,311368436.0,10.0,1.0000000000000002,41022287.678609915
2017-10-08,55,14.61164659284861,8.73878110753654,11.682577562229202,0.9266397895257437,34.201345065046986,0.0,1477,93501788,311368436,311368436.0,10.0,1.0000000000000002,41022287.678609915
2017-10-15,55,14.63058179089161,9.338157355808539,12.611740333885354,1.0030267454598385,36.70204570446568,0.0,1477,93501788,311368436,311368436.0,10.0,1.0000000000000002,41022287.678609915
2017-10-22,55,14.31688821534884,9.313571604284256,12.601359763389759,1.0450715338403793,38.870672873855455,0.0,1477,93501788,311368436,311368436.0,10.0,1.0000000000000002,41022287.678609915
2017-10-29,55,12.979932741159416,9.712883537109716,12.354689156739061,0.9844595615979521,38.49939524698643,0.0,1477,93501788,311368436,311368436.0,10.0,1.0000000000000002,41022287.678609915
2017-11-05,55,12.820101816614448,10.87493053406351,12.32827189008972,1.062456234324278,44.54414505907079,0.0,1477,93501788,311368436,311368436.0,10.0,1.0000000000000002,41022287.678609915
2017-11-12,55,12.662310382674756,11.451859596969552,13.581162998808267,1.0195834846920706,42.71294852442911,0.0,1477,93501788,311368436,311368436.0,10.0,1.0000000000000002,41022287.678609915
2017-11-19,55,10.801277378031987,11.96142238386681,13.024281555629486,0.9277645278084642,42.13112206723484,0.0,1477,93501788,311368436,311368436.0,10.0,1.0000000000000002,41022287.678609915
2017-11-26,55,12.925782535003004,12.434058210062112,13.546959541525268,1.0799070847373882,43.22172154277064,0.0,1477,93501788,311368436,311368436.0,10.0,1.0000000000000002,41022287.678609915
2017-12-03,55,15.180583214285729,11.763563686975644,12.994550928084436,1.3532789752651744,50.24382844958633,0.0,1477,93501788,311368436,311368436.0,10.0,1.0000000000000002,41022287.678609915
2017-12-10,55,17.030602218781098,12.914626034862442,14.80567016754389,1.5877553272612384,53.34743369106303,0.0,1477,93501788,311368436,311368436.0,10.0,1.0000000000000002,41022287.678609915
2017-12-17,55,23.809311856517144,15.442122421811566,17.37345484177465,2.4185353167910697,50.90554299794215,0.0,1477,93501788,311368436,311368436.0,10.0,1.0000000000000002,41022287.678609915
2017-12-24,55,31.908969604099497,18.21032053486629,19.149198877049947,3.2278456220912513,69.5556352539215,0.0,1477,93501788,311368436,311368436.0,10.0,1.0000000000000002,41022287.678609915
2017-12-31,55,36.31986311547649,17.98286164754349,18.647544749847413,4.005459577155085,83.74680490093093,0.0,1477,93501788,311368436,311368436.0,10.0,1.0000000000000002,41022287.678609915
2018-01-07,55,52.756816657549706,15.945355864523146,18.31223439424027,5.072499901692025,53.20132159445988,0.0,1477,93501788,311368436,311368436.0,10.0,1.0000000000000002,41022287.678609915
2018-01-14,55,64.68722719537314,14.389736007152631,18.059885219065688,5.422290732770356,54.49781373793457,0.0,1477,93501788,311368436,311368436.0,10.0,1.0000000000000002,41022287.678609915
2018-01-21,55,74.13377056305092,14.657877338600885,19.404960498308185,6.009393762057501,45.37216044274957,0.0,1477,93501788,311368436,311368436.0,10.0,1.0000000000000002,41022287.678609915
2018-01-28,55,78.06762300081054,14.469454257720587,20.106454152597536,6.5865879224829325,45.02959431314997,0.0,1477,93501788,311368436,311368436.0,10.0,1.0000000000000002,41022287.678609915
2018-02-04,55,65.56282541111521,14.605548726846544,20.805330335410105,5.671542285037524,44.206941431918295,0.0,1477,93501788,311368436,311368436.0,10.0,1.0000000000000002,41022287.678609915
2018-02-11,55,55.736390865257775,13.464434047515336,18.82319907981938,4.860136825172606,42.58474218626322,0.0,1477,93501788,311368436,311368436.0,10.0,1.0000000000000002,41022287.678609915
2018-02-18,55,34.36718046141325,12.362458714344442,16.839085076690303,3.5295050330663575,42.42796073909046,0.0,1477,93501788,311368436,311368436.0,10.0,1.0000000000000002,41022287.678609915
2018-02-25,55,22.919899902763422,11.182193345378142,14.718752529559545,2.7718084211978375,39.39196701042619,0.0,1477,93501788,311368436,311368436.0,10.0,1.0000000000000002,41022287.678609915
2018-03-04,55,16.782369350373074,11.045078104833976,14.704969260275309,2.169392022125197,39.976561509914895,0.0,1477,93501788,311368436,311368436.0,10.0,1.0000000000000002,41022287.678609915
2018-03-11,55,13.720580062264244,10.55696122005122,13.957279581158316,1.8944185562855187,38.95063123546665,0.0,1477,93501788,311368436,311368436.0,10.0,1.0000000000000002,41022287.678609915
2018-03-18,55,11.933664059641549,10.332773155593715,14.577137285681712,1.6020507679204836,38.73585601977973,0.0,1477,93501788,311368436,311368436.0,10.0,1.0000000000000002,41022287.678609915
2018-03-25,55,12.19203164189706,10.171911930726337,14.16667753053813,1.9004123173230054,37.73884532727653,0.0,1477,93501788,311368436,311368436.0,10.0,1.0000000000000002,41022287.678609915
2018-04-01,55,10.03025923603894,9.863836150045728,13.461160459437192,1.4294709242782722,37.23325561168956,0.0,1477,93501788,311368436,311368436.0,10.0,1.0000000000000002,41022287.678609915
2018-04-08,55,8.44412868811147,9.255056202935098,13.064460763132717,1.4359366824195372,38.630623233756424,0.0,1477,93501788,311368436,311368436.0,10.0,1.0000000000000002,41022287.678609915
2018-04-15,55,7.381818226430633,8.958163588553337,12.715778898025487,1.0690191346177427,39.172554468558914,0.0,1477,93501788,311368436,311368436.0,10.0,1.0000000000000002,41022287.678609915
2018-04-22,55,6.965930689262287,8.810578683704472,13.30346176450589,0.9885197130257608,37.45252053422653,0.0,1477,93501788,311368436,311368436.0,10.0,1.0000000000000002,41022287.678609915
2018-04-29,55,6.344918503556989,8.813649524834945,13.36824614425593,0.9070799167324717,37.756527360403354,0.0,1477,93501788,311368436,311368436.0,10.0,1.0000000000000002,41022287.678609915
2018-05-06,55,5.548195928889851,8.86798628490397,13.38009971569501,0.8752935573726555,38.83292800430163,0.0,1477,93501788,311368436,311368436.0,10.0,1.0000000000000002,41022287.678609915
2018-05-13,55,5.000831310981052,8.499430224841415,13.743757944687752,0.586660225893931,35.89595566777359,0.0,1477,93501788,311368436,311368436.0,10.0,1.0000000000000002,41022287.678609915
2018-05-20,55,4.671775076777532,8.53889645063445,12.954405998300995,0.6852929402259643,36.34156841446832,0.0,1477,93501788,311368436,311368436.0,10.0,1.0000000000000002,41022287.678609915
2018-05-27,55,4.685630890344968,8.386865334031482,12.865738163646105,0.5381580585130344,35.277237073574156,0.0,1477,93501788,311368436,311368436.0,10.0,1.0000000000000002,41022287.678609915
2018-06-03,55,4.297377040491027,8.053393048484851,12.512522714408982,0.4562308846231286,33.90140710023671,0.0,1477,93501788,311368436,311368436.0,10.0,1.0000000000000002,41022287.678609915
2018-06-10,55,4.332665739439306,7.778180695232704,12.587757485476144,0.5026447349981229,33.53701870089362,0.0,1477,93501788,311368436,311368436.0,10.0,1.0000000000000002,41022287.678609915
2018-06-17,55,3.8645303212429662,7.195058949392032,12.437836794735352,0.45081775405134517,32.573597270469634,0.0,1477,93501788,311368436,311368436.0,10.0,1.0000000000000002,41022287.678609915
2018-06-24,55,3.740528214619673,7.247437604754517,12.457556192368836,0.37494426699050515,32.756230464542014,0.0,1477,93501788,311368436,311368436.0,10.0,1.0000000000000002,41022287.678609915
2018-07-01,55,3.506749942373735,6.62155031346851,11.972259789364134,0.2205740436708877,34.58470366276946,0.0,1477,93501788,311368436,311368436.0,10.0,1.0000000000000002,41022287.678609915
2018-07-08,55,3.735612758128123,6.47175222025395,11.97418070340309,0.3424871588461202,33.36707413078955,0.0,1477,93501788,311368436,311368436.0,10.0,1.0000000000000002,41022287.678609915
2018-07-15,55,3.491608362640843,6.380245751692056,11.508754310600706,0.3293739799624391,33.47687429049488,0.0,1477,93501788,311368436,311368436.0,10.0,1.0000000000000002,41022287.678609915
2018-07-22,55,3.6630399620853025,6.006668607861074,11.251151947206363,0.3556257931038328,32.723460807054956,0.0,1477,93501788,311368436,311368436.0,10.0,1.0000000000000002,41022287.678609915
2018-07-29,55,3.6084628725822423,6.276160365207987,11.187573270914333,0.40056099327935724,31.97972496480022,0.0,1477,93501788,311368436,311368436.0,10.0,1.0000000000000002,41022287.678609915
2018-08-05,55,3.908469880999756,6.403873747177122,11.210746608882348,0.33666739103895554,32.74201610146508,0.0,1477,93501788,311368436,311368436.0,10.0,1.0000000000000002,41022287.678609915
2018-08-12,55,4.406747130913424,6.443790933901855,11.155736106790219,0.3135476744341549,32.60342237772617,0.0,1477,93501788,311368436,311368436.0,10.0,1.0000000000000002,41022287.678609915
2018-08-19,55,5.239468116800381,6.776494821074284,11.537833102646282,0.49096564816865385,33.08610197084973,0.0,1477,93501788,311368436,311368436.0,10.0,1.0000000000000002,41022287.678609915
2018-08-26,55,6.296820143966038,7.570095569995413,11.32528317032109,0.7588405460597167,34.33930506045257,0.0,1477,93501788,311368436,311368436.0,10.0,1.0000000000000002,41022287.678609915
2018-09-02,55,8.799856209574179,7.848688760475388,11.9704738472592,0.8541462500714105,34.930065534966424,0.0,1477,93501788,311368436,311368436.0,10.0,1.0000000000000002,41022287.678609915
2018-09-09,55,10.837509984473826,7.965817142107493,11.665796972433004,0.8239301430026774,34.47163404192967,0.0,1477,93501788,311368436,311368436.0,10.0,1.0000000000000002,41022287.678609915
2018-09-16,55,12.430223476473381,8.5611914272518,12.1855218362596,0.9045941059998771,36.01247783188916,0.0,1477,93501788,311368436,311368436.0,10.0,1.0000000000000002,41022287.678609915
2018-09-23,55,16.17847967736845,9.905995037981306,12.11544272586448,1.0427902525097308,36.64456272632593,0.0,1477,93501788,311368436,311368436.0,10.0,1.0000000000000002,41022287.678609915
2018-09-30,55,20.282778338521126,9.103121268207161,12.521411662934263,1.0542799784625567,37.00080473796001,0.0,1477,93501788,311368436,311368436.0,10.0,1.0000000000000002,41022287.678609915
2018-10-07,55,20.16170564250771,9.075974756156722,12.353382701257491,1.0475010607690498,37.78381795899184,0.0,1477,93501788,311368436,311368436.0,10.0,1.0000000000000002,41022287.678609915
2018-10-14,55,24.222998085136673,9.521779882659654,12.427773989268456,1.1372788152489548,43.88905920765842,0.0,1477,93501788,311368436,311368436.0,10.0,1.0000000000000002,41022287.678609915
2018-10-21,55,21.00181128828357,9.833342660975434,12.169411340075587,1.105146239036252,40.706449879203554,0.0,1477,93501788,311368436,311368436.0,10.0,1.0000000000000002,41022287.678609915
2018-10-28,55,18.046066467700662,10.09312887128996,12.279450204130516,1.165487124070598,37.68566122739557,0.0,1477,93501788,311368436,311368436.0,10.0,1.0000000000000002,41022287.678609915
2018-11-04,55,15.786518383642456,10.839022703637179,12.178932237691555,1.0243527478167376,40.95571694364036,0.0,1477,93501788,311368436,311368436.0,10.0,1.0000000000000002,41022287.678609915
2018-11-11,55,15.057671956832515,11.391616181673598,12.474481800075585,0.9663541425888138,53.208799089706055,0.0,1477,93501788,311368436,311368436.0,10.0,1.0000000000000002,41022287.678609915
2018-11-18,55,12.556895166470888,12.018668870469583,12.282337147365826,0.8328801381781678,46.36052898438299,0.0,1477,93501788,311368436,311368436.0,10.0,1.0000000000000002,41022287.678609915
2018-11-25,55,14.331070670888424,12.544339282354235,12.863116388586029,1.166291579407233,51.7088823158684,0.0,1477,93501788,311368436,311368436.0,10.0,1.0000000000000002,41022287.678609915
2018-12-02,55,13.129921984128153,12.464178774370053,12.433918427107365,1.1304453705127644,71.02154277448983,0.0,1477,93501788,311368436,311368436.0,10.0,1.0000000000000002,41022287.678609915
2018-12-09,55,13.460946902145215,13.034604885255614,13.394460076229436,1.209018893617078,68.8483710082932,0.0,1477,93501788,311368436,311368436.0,10.0,1.0000000000000002,41022287.678609915
2018-12-16,55,15.740862220857865,13.88927239561302,14.62908521337725,1.5070393262340824,54.572678407261556,0.0,1477,93501788,311368436,311368436.0,10.0,1.0000000000000002,41022287.678609915
2018-12-23,55,20.067309038350952,16.10001105571279,16.33639004757695,1.573459401645965,54.189682951678506,0.0,1477,93501788,311368436,311368436.0,10.0,1.0000000000000002,41022287.678609915
2018-12-30,55,21.666187063354098,16.078523752484664,15.139105339502043,1.8584062354990922,53.06809456434434,0.0,1477,93501788,311368436,311368436.0,10.0,1.0000000000000002,41022287.678609915
2019-01-06,55,20.365844471788403,13.632703919931048,14.40222244942002,1.868639074257353,47.80989751639437,0.0,1477,93501788,311368436,311368436.0,10.0,1.0000000000000002,41022287.678609915
2019-01-13,55,18.03722223147885,13.036655244014522,14.630813503524164,2.1594878069143784,48.392582101674556,0.0,1477,93501788,311368436,311368436.0,10.0,1.0000000000000002,41022287.678609915
2019-01-20,55,18.591162294305256,12.84814859653918,15.628518890720187,2.2957525116643485,56.61765013329738,0.0,1477,93501788,311368436,311368436.0,10.0,1.0000000000000002,41022287.678609915
2019-01-27,55,21.143013950200142,13.350023401215918,16.253115996638787,2.601947154335194,76.95385618341867,0.0,1477,93501788,311368436,311368436.0,10.0,1.0000000000000002,41022287.678609915
2019-02-03,55,25.119539258629285,13.561042381958073,17.039063818273473,2.786718965951963,57.00627577099691,0.0,1477,93501788,311368436,311368436.0,10.0,1.0000000000000002,41022287.678609915
2019-02-10,55,23.849754947543882,13.11019572645443,17.517545619171237,2.862802959256923,58.5179549927148,0.0,1477,93501788,311368436,311368436.0,10.0,1.0000000000000002,41022287.678609915
2019-02-17,55,23.303175258265416,13.382303455447232,17.011580541195254,2.9436895363407993,55.64481128395429,0.0,1477,93501788,311368436,311368436.0,10.0,1.0000000000000002,41022287.678609915
2019-02-24,55,20.81226745796417,13.063152547678275,16.38973158152742,2.8854772453557236,48.702460952079285,0.0,1477,93501788,311368436,311368436.0,10.0,1.0000000000000002,41022287.678609915
2019-03-03,55,19.7013441786373,13.064647657478035,16.186946235616507,3.1902026671707984,49.34001182123676,0.0,1477,93501788,311368436,311368436.0,10.0,1.0000000000000002,41022287.678609915
2019-03-10,55,19.080563622062193,12.8750034059329,16.370508653613175,3.106992884147062,42.64867199962426,0.0,1477,93501788,311368436,311368436.0,10.0,1.0000000000000002,41022287.678609915
2019-03-17,55,16.387130026885576,12.466503544373392,15.804313697358843,2.9205351341392864,42.06103527462238,0.0,1477,93501788,311368436,311368436.0,10.0,1.0000000000000002,41022287.678609915
2019-03-24,55,13.964837566258643,12.273410606719303,14.710285422122876,2.1195334455802066,40.83776980207461,0.0,1477,93501788,311368436,311368436.0,10.0,1.0000000000000002,41022287.678609915
2019-03-31,55,11.349577617430688,11.436548802910773,14.309838358182201,1.6884070805430003,40.247289522949586,0.0,1477,93501788,311368436,311368436.0,10.0,1.0000000000000002,41022287.678609915
2019-04-07,55,9.51331621808962,10.694614973754117,14.140939115614147,1.3714724443038924,39.10084024059523,0.0,1477,93501788,311368436,311368436.0,10.0,1.0000000000000002,41022287.678609915
2019-04-14,55,8.330452865813285,10.27618724012218,13.39106864062483,1.1666748327694973,37.956579612970145,0.0,1477,93501788,311368436,311368436.0,10.0,1.0000000000000002,41022287.678609915
2019-04-21,55,7.3956712523038135,9.817333417829161,13.21090522483146,1.0792365125924324,38.161199441551624,0.0,1477,93501788,311368436,311368436.0,10.0,1.0000000000000002,41022287.678609915
2019-04-28,55,6.742187339117443,10.13903682260202,12.927023559960327,1.0262511772387872,39.02985146509841,0.0,1477,93501788,311368436,311368436.0,10.0,1.0000000000000002,41022287.678609915
2019-05-05,55,6.0485362106517435,10.01112256927674,13.181011716293556,0.8695965380383001,38.76695402099139,0.0,1477,93501788,311368436,311368436.0,10.0,1.0000000000000002,41022287.678609915
2019-05-12,55,5.679172319830132,9.720977115997716,13.077414703011193,0.8714416865298447,40.454846572823456,0.0,1477,93501788,311368436,311368436.0,10.0,1.0000000000000002,41022287.678609915
2019-05-19,55,5.389441320892269,9.819289309723095,13.026011072618807,0.6521901018894543,40.11779756635319,0.0,1477,93501788,311368436,311368436.0,10.0,1.0000000000000002,41022287.678609915
2019-05-26,55,5.0951708059451475,9.412816416626121,12.980178870796012,0.4752835993947697,38.009292509019765,0.0,1477,93501788,311368436,311368436.0,10.0,1.0000000000000002,41022287.678609915
2019-06-02,55,4.831493465830942,8.779258640076156,13.119853076565539,0.5528327219397408,36.35241895874121,0.0,1477,93501788,311368436,311368436.0,10.0,1.0000000000000002,41022287.678609915
2019-06-09,55,4.29564603651733,8.10085246405644,12.304525934671169,0.5402738156798912,35.31295652909404,0.0,1477,93501788,311368436,311368436.0,10.0,1.0000000000000002,41022287.678609915
2019-06-16,55,4.339298033407599,8.496778812865927,12.294459962537758,0.5018988083943101,33.21537120737568,0.0,1477,93501788,311368436,311368436.0,10.0,1.0000000000000002,41022287.678609915
2019-06-23,55,4.213437231640268,7.613131541053185,12.050093369130067,0.43038637031275706,33.62891739611012,0.0,1477,93501788,311368436,311368436.0,10.0,1.0000000000000002,41022287.678609915
2019-06-30,55,3.8691215027331802,7.129904448632037,11.399561855396286,0.308570516120009,34.08239086572025,0.0,1477,93501788,311368436,311368436.0,10.0,1.0000000000000002,41022287.678609915
2019-07-07,55,3.8080867676645296,7.124489118094166,11.620303395171371,0.3177107039841379,33.145190095633204,0.0,1477,93501788,311368436,311368436.0,10.0,1.0000000000000002,41022287.678609915
2019-07-14,55,3.6249558095863,6.774455002882822,11.262368652550254,0.35577552568623233,33.81938873534374,0.0,1477,93501788,311368436,311368436.0,10.0,1.0000000000000002,41022287.678609915
2019-07-21,55,3.606761711068234,6.591617966697177,11.114077712745424,0.23599011172731715,34.99252643578811,0.0,1477,93501788,311368436,311368436.0,10.0,1.0000000000000002,41022287.678609915
2019-07-28,55,3.5382928505958136,6.410899696975065,11.035791530905207,0.3019175488937485,33.21074142531261,0.0,1477,93501788,311368436,311368436.0,10.0,1.0000000000000002,41022287.678609915
2019-08-04,55,3.9442451128861373,6.588726170689953,10.915249476347048,0.3607647340336064,32.38985939152805,0.0,1477,93501788,311368436,311368436.0,10.0,1.0000000000000002,41022287.678609915
2019-08-11,55,4.345842572816212,6.840324878016857,10.86552277893704,0.36036100974602325,33.98398130824025,0.0,1477,93501788,311368436,311368436.0,10.0,1.0000000000000002,41022287.678609915
2019-08-18,55,5.175691112762632,7.1707956358171145,11.287771603156333,0.48404694430876744,33.5494912881921,0.0,1477,93501788,311368436,311368436.0,10.0,1.0000000000000002,41022287.678609915
2019-08-25,55,6.094017175845017,7.533628238412708,11.34182903497643,0.6557549301496957,35.208991100176895,0.0,1477,93501788,311368436,311368436.0,10.0,1.0000000000000002,41022287.678609915
2019-09-01,55,7.249120758662898,8.065633123455068,11.430226032930324,0.6555327143050557,36.170650527980946,0.0,1477,93501788,311368436,311368436.0,10.0,1.0000000000000002,41022287.678609915
2019-09-08,55,9.746138744776301,8.76795577314073,11.545636966876115,0.8743205300359989,36.55701422478161,0.0,1477,93501788,311368436,311368436.0,10.0,1.0000000000000002,41022287.678609915
2019-09-15,55,12.936338325571318,8.864868370922478,12.108738587748181,0.8893063425349895,37.59276577732497,0.0,1477,93501788,311368436,311368436.0,10.0,1.0000000000000002,41022287.678609915
2019-09-22,55,16.956834439698955,9.219255310130407,12.416074675597496,1.0301741021687887,37.47540282792184,0.0,1477,93501788,311368436,311368436.0,10.0,1.0000000000000002,41022287.678609915
2019-09-29,55,20.10627121176791,9.558878180574474,12.035388644852876,1.0035904795436619,40.22752115760379,0.0,1477,93501788,311368436,311368436.0,10.0,1.0000000000000002,41022287.678609915
2019-10-06,55,23.239331767077378,9.904309616662621,12.189620087246093,1.039771738455853,42.75908982309305,0.0,1477,93501788,311368436,311368436.0,10.0,1.0000000000000002,41022287.678609915
2019-10-13,55,22.21429814420881,10.350306814657346,12.66411707832839,1.1333514614821136,41.36215061632002,0.0,1477,93501788,311368436,311368436.0,10.0,1.0000000000000002,41022287.678609915
2019-10-20,55,20.157884423455172,10.79560330578916,12.41974515040439,0.9932050691226776,40.100429370432394,0.0,1477,93501788,311368436,311368436.0,10.0,1.0000000000000002,41022287.678609915
2019-10-27,55,17.488388607893445,11.120099019927633,12.093596702910501,1.0032872856772161,46.38171371680075,0.0,1477,93501788,311368436,311368436.0,10.0,1.0000000000000002,41022287.678609915
2019-11-03,55,18.56165854589063,12.505272082235077,13.761512859318856,1.2836837835418873,48.05143268600289,0.0,1477,93501788,311368436,311368436.0,10.0,1.0000000000000002,41022287.678609915
2019-11-10,55,16.791909225506725,12.998610796888867,13.399817973200085,0.9774431663972515,54.81043489263632,51.0,1477,93501788,311368436,311368436.0,10.0,1.0000000000000002,41022287.678609915
